train,Not_Dangerous,\Combined\003862_2.jpg
train,Not_Dangerous,\Combined\000745_2.jpg
train,Not_Dangerous,\Combined\006077_2.jpg
train,Dangerous,\Combined\007293_2.jpg
train,Dangerous,\Combined\007977_2.jpg
train,Dangerous,\Combined\006724_2.jpg
train,Not_Dangerous,\Combined\000113_2.jpg
train,Not_Dangerous,\Combined\004218_2.jpg
train,Not_Dangerous,\Combined\004003_2.jpg
train,Not_Dangerous,\Combined\004019_2.jpg
train,Not_Dangerous,\Combined\007292_2.jpg
train,Not_Dangerous,\Combined\000166_2.jpg
test,Not_Dangerous,\Combined\006036_2.jpg
train,Not_Dangerous,\Combined\000524_2.jpg
train,Not_Dangerous,\Combined\005348_2.jpg
train,Not_Dangerous,\Combined\000074_2.jpg
test,Not_Dangerous,\Combined\000114_2.jpg
train,Not_Dangerous,\Combined\007320_2.jpg
train,Not_Dangerous,\Combined\000848_2.jpg
train,Not_Dangerous,\Combined\004060_2.jpg
train,Not_Dangerous,\Combined\005122_2.jpg
train,Dangerous,\Combined\007323_2.jpg
train,Dangerous,\Combined\000578_2.jpg
train,Dangerous,\Combined\007283_2.jpg
test,Not_Dangerous,\Combined\006719_2.jpg
train,Not_Dangerous,\Combined\006084_2.jpg
train,Not_Dangerous,\Combined\003999_2.jpg
train,Dangerous,\Combined\005578_2.jpg
train,Not_Dangerous,\Combined\007995_2.jpg
train,Dangerous,\Combined\006102_2.jpg
test,Not_Dangerous,\Combined\007322_2.jpg
train,Dangerous,\Combined\000207_2.jpg
train,Not_Dangerous,\Combined\000392_2.jpg
train,Not_Dangerous,\Combined\005118_2.jpg
train,Not_Dangerous,\Combined\004146_2.jpg
test,Not_Dangerous,\Combined\000529_2.jpg
train,Not_Dangerous,\Combined\006080_2.jpg
train,Not_Dangerous,\Combined\003867_2.jpg
test,Not_Dangerous,\Combined\006812_2.jpg
train,Not_Dangerous,\Combined\005297_2.jpg
train,Not_Dangerous,\Combined\007330_2.jpg
train,Not_Dangerous,\Combined\004141_2.jpg
train,Not_Dangerous,\Combined\004460_2.jpg
train,Not_Dangerous,\Combined\003938_2.jpg
train,Not_Dangerous,\Combined\003969_2.jpg
test,Dangerous,\Combined\004458_2.jpg
train,Not_Dangerous,\Combined\000454_2.jpg
train,Not_Dangerous,\Combined\000744_2.jpg
train,Not_Dangerous,\Combined\005375_2.jpg
train,Not_Dangerous,\Combined\000112_2.jpg
train,Dangerous,\Combined\006691_2.jpg
train,Dangerous,\Combined\007993_2.jpg
train,Dangerous,\Combined\004450_2.jpg
train,Not_Dangerous,\Combined\004219_2.jpg
train,Not_Dangerous,\Combined\000315_2.jpg
train,Dangerous,\Combined\006695_2.jpg
test,Not_Dangerous,\Combined\003993_2.jpg
train,Not_Dangerous,\Combined\000085_2.jpg
train,Dangerous,\Combined\007970_2.jpg
train,Not_Dangerous,\Combined\007998_2.jpg
train,Not_Dangerous,\Combined\000858_2.jpg
train,Not_Dangerous,\Combined\000631_2.jpg
train,Not_Dangerous,\Combined\005142_2.jpg
train,Not_Dangerous,\Combined\006764_2.jpg
train,Not_Dangerous,\Combined\000168_2.jpg
train,Not_Dangerous,\Combined\006734_2.jpg
train,Not_Dangerous,\Combined\000324_2.jpg
train,Not_Dangerous,\Combined\005345_2.jpg
test,Not_Dangerous,\Combined\000618_2.jpg
train,Not_Dangerous,\Combined\000440_2.jpg
train,Not_Dangerous,\Combined\004021_2.jpg
train,Dangerous,\Combined\006101_2.jpg
train,Not_Dangerous,\Combined\007291_2.jpg
train,Not_Dangerous,\Combined\004216_2.jpg
train,Not_Dangerous,\Combined\004010_2.jpg
train,Not_Dangerous,\Combined\000120_2.jpg
train,Not_Dangerous,\Combined\000517_2.jpg
train,Not_Dangerous,\Combined\000376_2.jpg
train,Not_Dangerous,\Combined\005125_2.jpg
train,Not_Dangerous,\Combined\003870_2.jpg
train,Not_Dangerous,\Combined\006795_2.jpg
train,Not_Dangerous,\Combined\006041_2.jpg
train,Not_Dangerous,\Combined\004439_2.jpg
train,Not_Dangerous,\Combined\000067_2.jpg
train,Not_Dangerous,\Combined\005379_2.jpg
train,Not_Dangerous,\Combined\000626_2.jpg
train,Not_Dangerous,\Combined\000369_2.jpg
train,Not_Dangerous,\Combined\000079_2.jpg
train,Not_Dangerous,\Combined\000545_2.jpg
train,Dangerous,\Combined\006717_2.jpg
train,Not_Dangerous,\Combined\006086_2.jpg
test,Not_Dangerous,\Combined\000593_2.jpg
train,Not_Dangerous,\Combined\000125_2.jpg
train,Not_Dangerous,\Combined\005121_2.jpg
train,Not_Dangerous,\Combined\000546_2.jpg
train,Not_Dangerous,\Combined\000414_2.jpg
train,Not_Dangerous,\Combined\006143_2.jpg
train,Not_Dangerous,\Combined\000415_2.jpg
train,Not_Dangerous,\Combined\000847_2.jpg
train,Dangerous,\Combined\005137_2.jpg
train,Dangerous,\Combined\004453_2.jpg
train,Not_Dangerous,\Combined\005300_2.jpg
train,Dangerous,\Combined\000203_2.jpg
train,Not_Dangerous,\Combined\004053_2.jpg
train,Not_Dangerous,\Combined\004061_2.jpg
train,Not_Dangerous,\Combined\006076_2.jpg
train,Not_Dangerous,\Combined\000103_2.jpg
train,Not_Dangerous,\Combined\000439_2.jpg
train,Not_Dangerous,\Combined\004399_2.jpg
train,Not_Dangerous,\Combined\000845_2.jpg
train,Not_Dangerous,\Combined\006781_2.jpg
train,Not_Dangerous,\Combined\000525_2.jpg
train,Dangerous,\Combined\004446_2.jpg
train,Not_Dangerous,\Combined\000122_2.jpg
train,Not_Dangerous,\Combined\006092_2.jpg
train,Not_Dangerous,\Combined\005374_2.jpg
test,Not_Dangerous,\Combined\007301_2.jpg
train,Not_Dangerous,\Combined\005386_2.jpg
train,Dangerous,\Combined\007294_2.jpg
train,Not_Dangerous,\Combined\007314_2.jpg
train,Not_Dangerous,\Combined\000619_2.jpg
train,Dangerous,\Combined\005595_2.jpg
test,Not_Dangerous,\Combined\005384_2.jpg
train,Not_Dangerous,\Combined\006087_2.jpg
train,Not_Dangerous,\Combined\007274_2.jpg
train,Not_Dangerous,\Combined\000066_2.jpg
train,Dangerous,\Combined\005594_2.jpg
train,Not_Dangerous,\Combined\005135_2.jpg
test,Not_Dangerous,\Combined\000443_2.jpg
train,Not_Dangerous,\Combined\000401_2.jpg
train,Not_Dangerous,\Combined\007996_2.jpg
test,Dangerous,\Combined\005381_2.jpg
train,Not_Dangerous,\Combined\000554_2.jpg
train,Not_Dangerous,\Combined\003936_2.jpg
train,Dangerous,\Combined\006651_2.jpg
test,Not_Dangerous,\Combined\000208_2.jpg
train,Not_Dangerous,\Combined\006727_2.jpg
train,Not_Dangerous,\Combined\000600_2.jpg
test,Not_Dangerous,\Combined\005356_2.jpg
train,Not_Dangerous,\Combined\000518_2.jpg
train,Dangerous,\Combined\000194_2.jpg
train,Not_Dangerous,\Combined\000589_2.jpg
test,Not_Dangerous,\Combined\000397_2.jpg
train,Not_Dangerous,\Combined\003858_2.jpg
train,Not_Dangerous,\Combined\000520_2.jpg
train,Not_Dangerous,\Combined\000538_2.jpg
train,Not_Dangerous,\Combined\006800_2.jpg
train,Not_Dangerous,\Combined\000583_2.jpg
train,Not_Dangerous,\Combined\003855_2.jpg
train,Dangerous,\Combined\007942_2.jpg
test,Not_Dangerous,\Combined\004001_2.jpg
train,Not_Dangerous,\Combined\004226_2.jpg
train,Dangerous,\Combined\006697_2.jpg
train,Not_Dangerous,\Combined\006071_2.jpg
train,Dangerous,\Combined\006759_2.jpg
train,Not_Dangerous,\Combined\005123_2.jpg
train,Not_Dangerous,\Combined\005370_2.jpg
train,Not_Dangerous,\Combined\000516_2.jpg
train,Not_Dangerous,\Combined\006062_2.jpg
train,Not_Dangerous,\Combined\006802_2.jpg
test,Not_Dangerous,\Combined\000406_2.jpg
train,Not_Dangerous,\Combined\006095_2.jpg
train,Not_Dangerous,\Combined\003981_2.jpg
train,Dangerous,\Combined\000196_2.jpg
train,Not_Dangerous,\Combined\000409_2.jpg
train,Dangerous,\Combined\006207_2.jpg
train,Dangerous,\Combined\007316_2.jpg
train,Dangerous,\Combined\000836_2.jpg
train,Not_Dangerous,\Combined\004011_2.jpg
train,Not_Dangerous,\Combined\004013_2.jpg
train,Not_Dangerous,\Combined\000658_2.jpg
train,Dangerous,\Combined\000378_2.jpg
train,Not_Dangerous,\Combined\007990_2.jpg
train,Not_Dangerous,\Combined\006064_2.jpg
train,Dangerous,\Combined\000966_2.jpg
train,Not_Dangerous,\Combined\005359_2.jpg
train,Not_Dangerous,\Combined\000272_2.jpg
test,Not_Dangerous,\Combined\004220_2.jpg
train,Not_Dangerous,\Combined\004025_2.jpg
train,Not_Dangerous,\Combined\006771_2.jpg
train,Not_Dangerous,\Combined\000635_2.jpg
train,Dangerous,\Combined\005592_2.jpg
test,Dangerous,\Combined\003961_2.jpg
train,Dangerous,\Combined\006708_2.jpg
train,Dangerous,\Combined\007979_2.jpg
train,Not_Dangerous,\Combined\000833_2.jpg
train,Not_Dangerous,\Combined\003997_2.jpg
train,Not_Dangerous,\Combined\000099_2.jpg
train,Not_Dangerous,\Combined\005385_2.jpg
train,Not_Dangerous,\Combined\000111_2.jpg
train,Not_Dangerous,\Combined\007978_2.jpg
test,Not_Dangerous,\Combined\000180_2.jpg
train,Not_Dangerous,\Combined\005104_2.jpg
train,Not_Dangerous,\Combined\005114_2.jpg
train,Dangerous,\Combined\000627_2.jpg
test,Not_Dangerous,\Combined\000842_2.jpg
train,Not_Dangerous,\Combined\006075_2.jpg
train,Not_Dangerous,\Combined\000092_2.jpg
test,Not_Dangerous,\Combined\004466_2.jpg
train,Not_Dangerous,\Combined\000451_2.jpg
train,Dangerous,\Combined\006112_2.jpg
train,Not_Dangerous,\Combined\003865_2.jpg
train,Not_Dangerous,\Combined\008009_2.jpg
train,Not_Dangerous,\Combined\005383_2.jpg
train,Not_Dangerous,\Combined\000404_2.jpg
train,Not_Dangerous,\Combined\000410_2.jpg
train,Not_Dangerous,\Combined\000841_2.jpg
train,Not_Dangerous,\Combined\000270_2.jpg
train,Dangerous,\Combined\004041_2.jpg
train,Not_Dangerous,\Combined\006045_2.jpg
train,Not_Dangerous,\Combined\007974_2.jpg
test,Not_Dangerous,\Combined\006728_2.jpg
test,Not_Dangerous,\Combined\006051_2.jpg
train,Not_Dangerous,\Combined\006797_2.jpg
train,Not_Dangerous,\Combined\004132_2.jpg
train,Not_Dangerous,\Combined\006053_2.jpg
train,Not_Dangerous,\Combined\000853_2.jpg
train,Not_Dangerous,\Combined\007967_2.jpg
train,Not_Dangerous,\Combined\000081_2.jpg
test,Dangerous,\Combined\006715_2.jpg
test,Not_Dangerous,\Combined\006140_2.jpg
train,Not_Dangerous,\Combined\004401_2.jpg
test,Not_Dangerous,\Combined\000098_2.jpg
train,Not_Dangerous,\Combined\000212_2.jpg
train,Not_Dangerous,\Combined\000499_2.jpg
test,Not_Dangerous,\Combined\006786_2.jpg
train,Not_Dangerous,\Combined\000512_2.jpg
train,Not_Dangerous,\Combined\004062_2.jpg
train,Not_Dangerous,\Combined\006025_2.jpg
train,Not_Dangerous,\Combined\005107_2.jpg
test,Not_Dangerous,\Combined\007968_2.jpg
train,Not_Dangerous,\Combined\000391_2.jpg
train,Not_Dangerous,\Combined\000267_2.jpg
train,Dangerous,\Combined\005550_2.jpg
train,Not_Dangerous,\Combined\004055_2.jpg
train,Not_Dangerous,\Combined\007958_2.jpg
train,Not_Dangerous,\Combined\003873_2.jpg
train,Not_Dangerous,\Combined\003976_2.jpg
train,Not_Dangerous,\Combined\006027_2.jpg
train,Not_Dangerous,\Combined\000127_2.jpg
train,Not_Dangerous,\Combined\005302_2.jpg
train,Dangerous,\Combined\000202_2.jpg
train,Dangerous,\Combined\007270_2.jpg
train,Not_Dangerous,\Combined\005133_2.jpg
train,Not_Dangerous,\Combined\000175_2.jpg
train,Not_Dangerous,\Combined\000100_2.jpg
train,Not_Dangerous,\Combined\000851_2.jpg
train,Not_Dangerous,\Combined\007959_2.jpg
train,Dangerous,\Combined\004448_2.jpg
train,Not_Dangerous,\Combined\000398_2.jpg
train,Not_Dangerous,\Combined\006040_2.jpg
train,Not_Dangerous,\Combined\006043_2.jpg
train,Not_Dangerous,\Combined\004478_2.jpg
test,Not_Dangerous,\Combined\006022_2.jpg
train,Not_Dangerous,\Combined\005380_2.jpg
train,Not_Dangerous,\Combined\006808_2.jpg
test,Not_Dangerous,\Combined\007313_2.jpg
train,Not_Dangerous,\Combined\000540_2.jpg
train,Not_Dangerous,\Combined\000269_2.jpg
train,Not_Dangerous,\Combined\004064_2.jpg
train,Not_Dangerous,\Combined\006050_2.jpg
train,Not_Dangerous,\Combined\006799_2.jpg
train,Not_Dangerous,\Combined\006019_2.jpg
train,Dangerous,\Combined\006761_2.jpg
train,Not_Dangerous,\Combined\006094_2.jpg
train,Dangerous,\Combined\007281_2.jpg
train,Not_Dangerous,\Combined\000527_2.jpg
train,Not_Dangerous,\Combined\000159_2.jpg
train,Not_Dangerous,\Combined\000445_2.jpg
train,Not_Dangerous,\Combined\003980_2.jpg
test,Not_Dangerous,\Combined\007980_2.jpg
train,Not_Dangerous,\Combined\005112_2.jpg
train,Not_Dangerous,\Combined\004007_2.jpg
train,Not_Dangerous,\Combined\006069_2.jpg
train,Dangerous,\Combined\005365_2.jpg
test,Dangerous,\Combined\005136_2.jpg
train,Not_Dangerous,\Combined\007336_2.jpg
train,Dangerous,\Combined\003876_2.jpg
train,Not_Dangerous,\Combined\003995_2.jpg
train,Not_Dangerous,\Combined\007987_2.jpg
train,Not_Dangerous,\Combined\004224_2.jpg
train,Not_Dangerous,\Combined\000657_2.jpg
train,Not_Dangerous,\Combined\004014_2.jpg
train,Dangerous,\Combined\004459_2.jpg
train,Not_Dangerous,\Combined\006054_2.jpg
train,Not_Dangerous,\Combined\003972_2.jpg
train,Dangerous,\Combined\006716_2.jpg
train,Not_Dangerous,\Combined\000181_2.jpg
train,Dangerous,\Combined\005591_2.jpg
train,Not_Dangerous,\Combined\005343_2.jpg
train,Not_Dangerous,\Combined\000449_2.jpg
train,Not_Dangerous,\Combined\000862_2.jpg
train,Not_Dangerous,\Combined\004133_2.jpg
train,Not_Dangerous,\Combined\005117_2.jpg
train,Not_Dangerous,\Combined\007285_2.jpg
train,Not_Dangerous,\Combined\006780_2.jpg
train,Not_Dangerous,\Combined\006056_2.jpg
train,Dangerous,\Combined\006821_2.jpg
train,Not_Dangerous,\Combined\003860_2.jpg
train,Dangerous,\Combined\006783_2.jpg
train,Not_Dangerous,\Combined\000519_2.jpg
train,Not_Dangerous,\Combined\005115_2.jpg
train,Not_Dangerous,\Combined\006070_2.jpg
train,Not_Dangerous,\Combined\000390_2.jpg
train,Not_Dangerous,\Combined\000115_2.jpg
train,Not_Dangerous,\Combined\007975_2.jpg
test,Not_Dangerous,\Combined\005346_2.jpg
train,Dangerous,\Combined\004772_2.jpg
train,Not_Dangerous,\Combined\005134_2.jpg
train,Not_Dangerous,\Combined\006078_2.jpg
train,Not_Dangerous,\Combined\007305_2.jpg
train,Not_Dangerous,\Combined\005382_2.jpg
train,Dangerous,\Combined\007271_2.jpg
train,Not_Dangerous,\Combined\000551_2.jpg
train,Not_Dangerous,\Combined\003871_2.jpg
train,Not_Dangerous,\Combined\005124_2.jpg
train,Not_Dangerous,\Combined\004052_2.jpg
test,Not_Dangerous,\Combined\000321_2.jpg
train,Not_Dangerous,\Combined\004049_2.jpg
train,Not_Dangerous,\Combined\000407_2.jpg
train,Not_Dangerous,\Combined\007303_2.jpg
train,Dangerous,\Combined\007984_2.jpg
train,Not_Dangerous,\Combined\000846_2.jpg
train,Not_Dangerous,\Combined\006034_2.jpg
train,Not_Dangerous,\Combined\000094_2.jpg
train,Not_Dangerous,\Combined\003895_2.jpg
train,Not_Dangerous,\Combined\000403_2.jpg
train,Not_Dangerous,\Combined\000076_2.jpg
train,Not_Dangerous,\Combined\003982_2.jpg
train,Dangerous,\Combined\006666_2.jpg
train,Not_Dangerous,\Combined\006785_2.jpg
test,Dangerous,\Combined\006663_2.jpg
test,Not_Dangerous,\Combined\005303_2.jpg
train,Not_Dangerous,\Combined\004477_2.jpg
train,Not_Dangerous,\Combined\004018_2.jpg
train,Not_Dangerous,\Combined\006810_2.jpg
train,Not_Dangerous,\Combined\004438_2.jpg
train,Not_Dangerous,\Combined\007973_2.jpg
train,Not_Dangerous,\Combined\003857_2.jpg
test,Not_Dangerous,\Combined\006044_2.jpg
train,Not_Dangerous,\Combined\000535_2.jpg
train,Not_Dangerous,\Combined\000444_2.jpg
train,Not_Dangerous,\Combined\007279_2.jpg
train,Not_Dangerous,\Combined\007295_2.jpg
train,Dangerous,\Combined\007269_2.jpg
test,Not_Dangerous,\Combined\006097_2.jpg
test,Not_Dangerous,\Combined\003977_2.jpg
train,Dangerous,\Combined\004456_2.jpg
train,Not_Dangerous,\Combined\006098_2.jpg
train,Not_Dangerous,\Combined\006801_2.jpg
train,Not_Dangerous,\Combined\000117_2.jpg
train,Not_Dangerous,\Combined\005132_2.jpg
train,Not_Dangerous,\Combined\004464_2.jpg
train,Dangerous,\Combined\000197_2.jpg
train,Dangerous,\Combined\000365_2.jpg
train,Dangerous,\Combined\004042_2.jpg
train,Not_Dangerous,\Combined\003878_2.jpg
train,Not_Dangerous,\Combined\000544_2.jpg
test,Not_Dangerous,\Combined\003970_2.jpg
train,Not_Dangerous,\Combined\005301_2.jpg
train,Not_Dangerous,\Combined\000575_2.jpg
test,Dangerous,\Combined\004051_2.jpg
train,Not_Dangerous,\Combined\006020_2.jpg
train,Not_Dangerous,\Combined\000118_2.jpg
train,Dangerous,\Combined\006111_2.jpg
train,Not_Dangerous,\Combined\000184_2.jpg
train,Not_Dangerous,\Combined\005368_2.jpg
train,Not_Dangerous,\Combined\000595_2.jpg
train,Dangerous,\Combined\004452_2.jpg
train,Not_Dangerous,\Combined\000510_2.jpg
train,Not_Dangerous,\Combined\000537_2.jpg
train,Dangerous,\Combined\006208_2.jpg
test,Not_Dangerous,\Combined\000075_2.jpg
test,Not_Dangerous,\Combined\006805_2.jpg
train,Dangerous,\Combined\005299_2.jpg
train,Not_Dangerous,\Combined\000411_2.jpg
train,Not_Dangerous,\Combined\004057_2.jpg
train,Not_Dangerous,\Combined\006806_2.jpg
train,Not_Dangerous,\Combined\006093_2.jpg
train,Dangerous,\Combined\005549_2.jpg
train,Not_Dangerous,\Combined\000182_2.jpg
test,Dangerous,\Combined\006105_2.jpg
test,Not_Dangerous,\Combined\004015_2.jpg
train,Not_Dangerous,\Combined\004148_2.jpg
test,Dangerous,\Combined\007943_2.jpg
train,Not_Dangerous,\Combined\000636_2.jpg
test,Not_Dangerous,\Combined\000497_2.jpg
train,Dangerous,\Combined\006822_2.jpg
test,Not_Dangerous,\Combined\000849_2.jpg
train,Dangerous,\Combined\004782_2.jpg
train,Not_Dangerous,\Combined\006807_2.jpg
test,Dangerous,\Combined\005596_2.jpg
train,Not_Dangerous,\Combined\004392_2.jpg
train,Not_Dangerous,\Combined\006706_2.jpg
train,Not_Dangerous,\Combined\000549_2.jpg
train,Not_Dangerous,\Combined\000416_2.jpg
train,Not_Dangerous,\Combined\000504_2.jpg
train,Not_Dangerous,\Combined\004002_2.jpg
train,Not_Dangerous,\Combined\000091_2.jpg
train,Not_Dangerous,\Combined\000211_2.jpg
train,Not_Dangerous,\Combined\006088_2.jpg
train,Not_Dangerous,\Combined\000393_2.jpg
test,Not_Dangerous,\Combined\000090_2.jpg
train,Dangerous,\Combined\007999_2.jpg
train,Not_Dangerous,\Combined\006079_2.jpg
train,Not_Dangerous,\Combined\004017_2.jpg
test,Not_Dangerous,\Combined\005367_2.jpg
train,Not_Dangerous,\Combined\005130_2.jpg
train,Not_Dangerous,\Combined\005363_2.jpg
test,Not_Dangerous,\Combined\003984_2.jpg
train,Not_Dangerous,\Combined\004135_2.jpg
train,Dangerous,\Combined\006692_2.jpg
train,Not_Dangerous,\Combined\006767_2.jpg
train,Not_Dangerous,\Combined\000446_2.jpg
train,Dangerous,\Combined\004449_2.jpg
train,Not_Dangerous,\Combined\000513_2.jpg
train,Not_Dangerous,\Combined\004447_2.jpg
test,Not_Dangerous,\Combined\003866_2.jpg
train,Not_Dangerous,\Combined\003963_2.jpg
test,Dangerous,\Combined\006120_2.jpg
test,Dangerous,\Combined\006693_2.jpg
train,Not_Dangerous,\Combined\000854_2.jpg
train,Not_Dangerous,\Combined\004046_2.jpg
train,Dangerous,\Combined\006819_2.jpg
train,Not_Dangerous,\Combined\000169_2.jpg
train,Not_Dangerous,\Combined\000119_2.jpg
train,Not_Dangerous,\Combined\006063_2.jpg
test,Not_Dangerous,\Combined\006074_2.jpg
train,Dangerous,\Combined\006817_2.jpg
test,Dangerous,\Combined\000748_2.jpg
test,Not_Dangerous,\Combined\000506_2.jpg
train,Not_Dangerous,\Combined\004009_2.jpg
train,Not_Dangerous,\Combined\000317_2.jpg
train,Not_Dangerous,\Combined\000368_2.jpg
train,Not_Dangerous,\Combined\006726_2.jpg
test,Not_Dangerous,\Combined\007290_2.jpg
test,Not_Dangerous,\Combined\003859_2.jpg
test,Not_Dangerous,\Combined\000312_2.jpg
train,Not_Dangerous,\Combined\006722_2.jpg
train,Not_Dangerous,\Combined\006073_2.jpg
test,Not_Dangerous,\Combined\003850_2.jpg
test,Dangerous,\Combined\000200_2.jpg
train,Not_Dangerous,\Combined\004139_2.jpg
train,Not_Dangerous,\Combined\007288_2.jpg
train,Dangerous,\Combined\000195_2.jpg
train,Not_Dangerous,\Combined\003975_2.jpg
train,Not_Dangerous,\Combined\006023_2.jpg
train,Not_Dangerous,\Combined\000751_2.jpg
test,Not_Dangerous,\Combined\004402_2.jpg
train,Not_Dangerous,\Combined\000373_2.jpg
train,Dangerous,\Combined\007282_2.jpg
train,Not_Dangerous,\Combined\000361_2.jpg
train,Not_Dangerous,\Combined\004144_2.jpg
train,Not_Dangerous,\Combined\006769_2.jpg
train,Not_Dangerous,\Combined\003973_2.jpg
train,Dangerous,\Combined\004437_2.jpg
train,Not_Dangerous,\Combined\007329_2.jpg
train,Dangerous,\Combined\006698_2.jpg
train,Dangerous,\Combined\007304_2.jpg
train,Not_Dangerous,\Combined\004006_2.jpg
train,Dangerous,\Combined\004444_2.jpg
train,Not_Dangerous,\Combined\005141_2.jpg
train,Not_Dangerous,\Combined\006096_2.jpg
train,Not_Dangerous,\Combined\007308_2.jpg
train,Not_Dangerous,\Combined\000178_2.jpg
train,Not_Dangerous,\Combined\006068_2.jpg
train,Not_Dangerous,\Combined\000318_2.jpg
train,Not_Dangerous,\Combined\000747_2.jpg
test,Not_Dangerous,\Combined\008004_2.jpg
train,Not_Dangerous,\Combined\000108_2.jpg
test,Not_Dangerous,\Combined\006766_2.jpg
train,Not_Dangerous,\Combined\000435_2.jpg
train,Not_Dangerous,\Combined\000632_2.jpg
train,Not_Dangerous,\Combined\007297_2.jpg
train,Not_Dangerous,\Combined\007994_2.jpg
train,Dangerous,\Combined\006820_2.jpg
train,Not_Dangerous,\Combined\000116_2.jpg
train,Not_Dangerous,\Combined\006813_2.jpg
train,Not_Dangerous,\Combined\004217_2.jpg
train,Not_Dangerous,\Combined\000498_2.jpg
train,Dangerous,\Combined\005566_2.jpg
train,Not_Dangerous,\Combined\000598_2.jpg
test,Dangerous,\Combined\002194_2.jpg
train,Dangerous,\Combined\005298_2.jpg
train,Not_Dangerous,\Combined\007277_2.jpg
train,Not_Dangerous,\Combined\000314_2.jpg
train,Dangerous,\Combined\006784_2.jpg
train,Not_Dangerous,\Combined\000633_2.jpg
train,Not_Dangerous,\Combined\000857_2.jpg
train,Dangerous,\Combined\007983_2.jpg
train,Dangerous,\Combined\004043_2.jpg
test,Dangerous,\Combined\005582_2.jpg
train,Not_Dangerous,\Combined\005378_2.jpg
train,Not_Dangerous,\Combined\003864_2.jpg
train,Not_Dangerous,\Combined\007275_2.jpg
train,Not_Dangerous,\Combined\006032_2.jpg
train,Not_Dangerous,\Combined\000167_2.jpg
train,Not_Dangerous,\Combined\000456_2.jpg
train,Dangerous,\Combined\000206_2.jpg
train,Not_Dangerous,\Combined\000101_2.jpg
test,Not_Dangerous,\Combined\004395_2.jpg
train,Not_Dangerous,\Combined\003968_2.jpg
train,Not_Dangerous,\Combined\005362_2.jpg
train,Not_Dangerous,\Combined\003979_2.jpg
train,Dangerous,\Combined\006694_2.jpg
train,Not_Dangerous,\Combined\000375_2.jpg
train,Dangerous,\Combined\001479_2.jpg
train,Not_Dangerous,\Combined\003861_2.jpg
train,Not_Dangerous,\Combined\000582_2.jpg
train,Not_Dangerous,\Combined\006777_2.jpg
train,Not_Dangerous,\Combined\005131_2.jpg
train,Not_Dangerous,\Combined\000126_2.jpg
train,Not_Dangerous,\Combined\006705_2.jpg
train,Dangerous,\Combined\000399_2.jpg
train,Not_Dangerous,\Combined\000431_2.jpg
train,Not_Dangerous,\Combined\006103_2.jpg
test,Not_Dangerous,\Combined\006701_2.jpg
train,Not_Dangerous,\Combined\006809_2.jpg
train,Dangerous,\Combined\004442_2.jpg
train,Not_Dangerous,\Combined\000542_2.jpg
train,Not_Dangerous,\Combined\000412_2.jpg
train,Not_Dangerous,\Combined\004145_2.jpg
train,Not_Dangerous,\Combined\004044_2.jpg
train,Not_Dangerous,\Combined\007299_2.jpg
train,Not_Dangerous,\Combined\004149_2.jpg
train,Not_Dangerous,\Combined\006793_2.jpg
train,Not_Dangerous,\Combined\006707_2.jpg
train,Dangerous,\Combined\003964_2.jpg
test,Not_Dangerous,\Combined\000856_2.jpg
train,Dangerous,\Combined\005579_2.jpg
test,Not_Dangerous,\Combined\004138_2.jpg
train,Not_Dangerous,\Combined\007966_2.jpg
test,Not_Dangerous,\Combined\000550_2.jpg
test,Not_Dangerous,\Combined\005106_2.jpg
train,Not_Dangerous,\Combined\000382_2.jpg
train,Not_Dangerous,\Combined\007273_2.jpg
train,Not_Dangerous,\Combined\003994_2.jpg
train,Not_Dangerous,\Combined\000547_2.jpg
train,Not_Dangerous,\Combined\007272_2.jpg
train,Not_Dangerous,\Combined\004391_2.jpg
train,Not_Dangerous,\Combined\005344_2.jpg
train,Not_Dangerous,\Combined\000452_2.jpg
train,Not_Dangerous,\Combined\004056_2.jpg
train,Not_Dangerous,\Combined\006048_2.jpg
test,Not_Dangerous,\Combined\000170_2.jpg
test,Not_Dangerous,\Combined\006029_2.jpg
train,Not_Dangerous,\Combined\000379_2.jpg
train,Dangerous,\Combined\004441_2.jpg
train,Not_Dangerous,\Combined\000514_2.jpg
train,Dangerous,\Combined\005126_2.jpg
test,Not_Dangerous,\Combined\003874_2.jpg
train,Dangerous,\Combined\005593_2.jpg
train,Dangerous,\Combined\000501_2.jpg
train,Not_Dangerous,\Combined\000574_2.jpg
train,Dangerous,\Combined\003875_2.jpg
train,Dangerous,\Combined\006654_2.jpg
train,Not_Dangerous,\Combined\003872_2.jpg
train,Dangerous,\Combined\000500_2.jpg
test,Not_Dangerous,\Combined\000362_2.jpg
train,Not_Dangerous,\Combined\007981_2.jpg
train,Not_Dangerous,\Combined\007956_2.jpg
test,Not_Dangerous,\Combined\006090_2.jpg
train,Not_Dangerous,\Combined\000827_2.jpg
train,Not_Dangerous,\Combined\006104_2.jpg
train,Not_Dangerous,\Combined\003937_2.jpg
train,Not_Dangerous,\Combined\000128_2.jpg
train,Not_Dangerous,\Combined\006787_2.jpg
train,Not_Dangerous,\Combined\000186_2.jpg
train,Not_Dangerous,\Combined\004063_2.jpg
test,Not_Dangerous,\Combined\004058_2.jpg
train,Dangerous,\Combined\003879_2.jpg
train,Dangerous,\Combined\006107_2.jpg
train,Not_Dangerous,\Combined\003856_2.jpg
train,Not_Dangerous,\Combined\006061_2.jpg
test,Not_Dangerous,\Combined\004008_2.jpg
train,Not_Dangerous,\Combined\000855_2.jpg
train,Not_Dangerous,\Combined\007997_2.jpg
train,Not_Dangerous,\Combined\004016_2.jpg
train,Not_Dangerous,\Combined\000164_2.jpg
train,Not_Dangerous,\Combined\005128_2.jpg
train,Dangerous,\Combined\004440_2.jpg
train,Not_Dangerous,\Combined\000179_2.jpg
train,Not_Dangerous,\Combined\000587_2.jpg
train,Not_Dangerous,\Combined\007298_2.jpg
train,Not_Dangerous,\Combined\000063_2.jpg
train,Not_Dangerous,\Combined\004230_2.jpg
train,Not_Dangerous,\Combined\000552_2.jpg
train,Not_Dangerous,\Combined\000172_2.jpg
train,Not_Dangerous,\Combined\000102_2.jpg
train,Not_Dangerous,\Combined\004024_2.jpg
train,Dangerous,\Combined\006683_2.jpg
train,Not_Dangerous,\Combined\003990_2.jpg
train,Not_Dangerous,\Combined\000087_2.jpg
train,Dangerous,\Combined\006823_2.jpg
train,Not_Dangerous,\Combined\000455_2.jpg
test,Not_Dangerous,\Combined\004131_2.jpg
train,Not_Dangerous,\Combined\006024_2.jpg
train,Not_Dangerous,\Combined\003974_2.jpg
train,Not_Dangerous,\Combined\000437_2.jpg
train,Dangerous,\Combined\006772_2.jpg
train,Not_Dangerous,\Combined\007268_2.jpg
train,Not_Dangerous,\Combined\003983_2.jpg
test,Dangerous,\Combined\006776_2.jpg
train,Dangerous,\Combined\006718_2.jpg
train,Dangerous,\Combined\000319_2.jpg
train,Not_Dangerous,\Combined\007969_2.jpg
test,Not_Dangerous,\Combined\005140_2.jpg
train,Not_Dangerous,\Combined\007319_2.jpg
train,Dangerous,\Combined\008000_2.jpg
train,Not_Dangerous,\Combined\000084_2.jpg
train,Not_Dangerous,\Combined\000156_2.jpg
train,Not_Dangerous,\Combined\005105_2.jpg
train,Not_Dangerous,\Combined\000860_2.jpg
train,Dangerous,\Combined\007317_2.jpg
train,Not_Dangerous,\Combined\006763_2.jpg
train,Not_Dangerous,\Combined\006072_2.jpg
train,Dangerous,\Combined\007963_2.jpg
train,Dangerous,\Combined\005583_2.jpg
train,Dangerous,\Combined\003965_2.jpg
train,Not_Dangerous,\Combined\006782_2.jpg
train,Not_Dangerous,\Combined\000395_2.jpg
train,Dangerous,\Combined\006736_2.jpg
train,Not_Dangerous,\Combined\000523_2.jpg
train,Not_Dangerous,\Combined\000325_2.jpg
train,Not_Dangerous,\Combined\003863_2.jpg
train,Not_Dangerous,\Combined\000511_2.jpg
train,Not_Dangerous,\Combined\000381_2.jpg
train,Dangerous,\Combined\006723_2.jpg
train,Not_Dangerous,\Combined\004394_2.jpg
train,Dangerous,\Combined\005597_2.jpg
train,Not_Dangerous,\Combined\005377_2.jpg
train,Not_Dangerous,\Combined\000548_2.jpg
train,Dangerous,\Combined\006792_2.jpg
train,Not_Dangerous,\Combined\005360_2.jpg
train,Not_Dangerous,\Combined\006042_2.jpg
train,Not_Dangerous,\Combined\004048_2.jpg
train,Not_Dangerous,\Combined\003991_2.jpg
train,Not_Dangerous,\Combined\004479_2.jpg
train,Not_Dangerous,\Combined\003971_2.jpg
train,Not_Dangerous,\Combined\003986_2.jpg
train,Not_Dangerous,\Combined\000844_2.jpg
train,Not_Dangerous,\Combined\003966_2.jpg
train,Not_Dangerous,\Combined\006139_2.jpg
train,Not_Dangerous,\Combined\005119_2.jpg
test,Not_Dangerous,\Combined\000374_2.jpg
train,Not_Dangerous,\Combined\006803_2.jpg
train,Not_Dangerous,\Combined\007289_2.jpg
train,Not_Dangerous,\Combined\003985_2.jpg
train,Dangerous,\Combined\007971_2.jpg
test,Dangerous,\Combined\000394_2.jpg
train,Not_Dangerous,\Combined\006765_2.jpg
train,Not_Dangerous,\Combined\005110_2.jpg
train,Not_Dangerous,\Combined\006788_2.jpg
train,Not_Dangerous,\Combined\004400_2.jpg
train,Not_Dangerous,\Combined\005111_2.jpg
train,Dangerous,\Combined\006662_2.jpg
train,Not_Dangerous,\Combined\004393_2.jpg
test,Not_Dangerous,\Combined\000161_2.jpg
test,Not_Dangerous,\Combined\000061_2.jpg
train,Not_Dangerous,\Combined\006142_2.jpg
test,Dangerous,\Combined\006818_2.jpg
train,Not_Dangerous,\Combined\000089_2.jpg
train,Dangerous,\Combined\004463_2.jpg
test,Dangerous,\Combined\007976_2.jpg
train,Not_Dangerous,\Combined\000502_2.jpg
train,Not_Dangerous,\Combined\000109_2.jpg
train,Dangerous,\Combined\003996_2.jpg
test,Not_Dangerous,\Combined\006060_2.jpg
train,Not_Dangerous,\Combined\006703_2.jpg
train,Not_Dangerous,\Combined\000213_2.jpg
train,Not_Dangerous,\Combined\006031_2.jpg
train,Not_Dangerous,\Combined\006099_2.jpg
train,Not_Dangerous,\Combined\000530_2.jpg
train,Not_Dangerous,\Combined\000065_2.jpg
train,Dangerous,\Combined\000198_2.jpg
train,Not_Dangerous,\Combined\006774_2.jpg
test,Not_Dangerous,\Combined\000577_2.jpg
train,Not_Dangerous,\Combined\000580_2.jpg
train,Not_Dangerous,\Combined\004465_2.jpg
train,Not_Dangerous,\Combined\004026_2.jpg
train,Dangerous,\Combined\007325_2.jpg
train,Dangerous,\Combined\007982_2.jpg
train,Not_Dangerous,\Combined\000370_2.jpg
train,Not_Dangerous,\Combined\003868_2.jpg
test,Not_Dangerous,\Combined\007992_2.jpg
test,Not_Dangerous,\Combined\005129_2.jpg
train,Not_Dangerous,\Combined\000447_2.jpg
train,Not_Dangerous,\Combined\000505_2.jpg
test,Not_Dangerous,\Combined\005376_2.jpg
train,Not_Dangerous,\Combined\006212_2.jpg
train,Not_Dangerous,\Combined\000083_2.jpg
train,Not_Dangerous,\Combined\000752_2.jpg
test,Not_Dangerous,\Combined\000746_2.jpg
train,Not_Dangerous,\Combined\006091_2.jpg
train,Dangerous,\Combined\006756_2.jpg
train,Not_Dangerous,\Combined\000539_2.jpg
train,Not_Dangerous,\Combined\007960_2.jpg
train,Not_Dangerous,\Combined\005369_2.jpg
train,Not_Dangerous,\Combined\003989_2.jpg
train,Not_Dangerous,\Combined\000596_2.jpg
train,Not_Dangerous,\Combined\006214_2.jpg
train,Not_Dangerous,\Combined\006145_2.jpg
train,Not_Dangerous,\Combined\005342_2.jpg
train,Not_Dangerous,\Combined\000093_2.jpg
train,Not_Dangerous,\Combined\000323_2.jpg
train,Not_Dangerous,\Combined\005304_2.jpg
train,Not_Dangerous,\Combined\000400_2.jpg
train,Dangerous,\Combined\005364_2.jpg
train,Dangerous,\Combined\007211_2.jpg
train,Not_Dangerous,\Combined\006059_2.jpg
train,Not_Dangerous,\Combined\004059_2.jpg
train,Not_Dangerous,\Combined\006028_2.jpg
train,Not_Dangerous,\Combined\004137_2.jpg
train,Dangerous,\Combined\000835_2.jpg
train,Dangerous,\Combined\006696_2.jpg
train,Dangerous,\Combined\006773_2.jpg
test,Not_Dangerous,\Combined\006775_2.jpg
train,Not_Dangerous,\Combined\005109_2.jpg
train,Not_Dangerous,\Combined\000326_2.jpg
train,Not_Dangerous,\Combined\000588_2.jpg
train,Not_Dangerous,\Combined\000457_2.jpg
train,Not_Dangerous,\Combined\005103_2.jpg
train,Not_Dangerous,\Combined\000185_2.jpg
train,Not_Dangerous,\Combined\006811_2.jpg
train,Not_Dangerous,\Combined\006052_2.jpg
train,Not_Dangerous,\Combined\006735_2.jpg
test,Not_Dangerous,\Combined\006796_2.jpg
train,Not_Dangerous,\Combined\004140_2.jpg
train,Not_Dangerous,\Combined\004012_2.jpg
train,Not_Dangerous,\Combined\000080_2.jpg
train,Dangerous,\Combined\000364_2.jpg
train,Not_Dangerous,\Combined\007335_2.jpg
train,Not_Dangerous,\Combined\006100_2.jpg
train,Dangerous,\Combined\005581_2.jpg
train,Not_Dangerous,\Combined\004038_2.jpg
train,Not_Dangerous,\Combined\000753_2.jpg
train,Not_Dangerous,\Combined\000209_2.jpg
train,Not_Dangerous,\Combined\000177_2.jpg
test,Not_Dangerous,\Combined\000082_2.jpg
train,Not_Dangerous,\Combined\004398_2.jpg
train,Dangerous,\Combined\006058_2.jpg
train,Not_Dangerous,\Combined\006065_2.jpg
train,Not_Dangerous,\Combined\007315_2.jpg
train,Not_Dangerous,\Combined\000852_2.jpg
train,Dangerous,\Combined\007961_2.jpg
train,Dangerous,\Combined\003869_2.jpg
train,Not_Dangerous,\Combined\003992_2.jpg
train,Dangerous,\Combined\000363_2.jpg
train,Not_Dangerous,\Combined\005349_2.jpg
test,Not_Dangerous,\Combined\000543_2.jpg
train,Dangerous,\Combined\005625_2.jpg
train,Dangerous,\Combined\006110_2.jpg
train,Dangerous,\Combined\006790_2.jpg
train,Not_Dangerous,\Combined\003967_2.jpg
train,Not_Dangerous,\Combined\000599_2.jpg
train,Not_Dangerous,\Combined\000408_2.jpg
train,Dangerous,\Combined\000201_2.jpg
test,Not_Dangerous,\Combined\000536_2.jpg
train,Not_Dangerous,\Combined\007972_2.jpg
test,Not_Dangerous,\Combined\004050_2.jpg
train,Dangerous,\Combined\007964_2.jpg
train,Not_Dangerous,\Combined\005352_2.jpg
train,Not_Dangerous,\Combined\006046_2.jpg
train,Not_Dangerous,\Combined\000088_2.jpg
train,Not_Dangerous,\Combined\006082_2.jpg
train,Dangerous,\Combined\004455_2.jpg
train,Dangerous,\Combined\006106_2.jpg
train,Dangerous,\Combined\007217_2.jpg
train,Not_Dangerous,\Combined\000859_2.jpg
train,Dangerous,\Combined\006083_2.jpg
train,Not_Dangerous,\Combined\000531_2.jpg
test,Not_Dangerous,\Combined\000522_2.jpg
test,Not_Dangerous,\Combined\004147_2.jpg
train,Not_Dangerous,\Combined\005357_2.jpg
train,Not_Dangerous,\Combined\000448_2.jpg
train,Not_Dangerous,\Combined\005350_2.jpg
train,Not_Dangerous,\Combined\006768_2.jpg
train,Not_Dangerous,\Combined\000183_2.jpg
train,Not_Dangerous,\Combined\000131_2.jpg
train,Dangerous,\Combined\005127_2.jpg
train,Not_Dangerous,\Combined\004000_2.jpg
train,Dangerous,\Combined\001190_2.jpg
train,Not_Dangerous,\Combined\003851_2.jpg
train,Not_Dangerous,\Combined\000850_2.jpg
test,Not_Dangerous,\Combined\004039_2.jpg
train,Dangerous,\Combined\006667_2.jpg
train,Not_Dangerous,\Combined\004388_2.jpg
test,Not_Dangerous,\Combined\007276_2.jpg
test,Dangerous,\Combined\000215_2.jpg
train,Not_Dangerous,\Combined\005116_2.jpg
train,Not_Dangerous,\Combined\006725_2.jpg
train,Not_Dangerous,\Combined\000313_2.jpg
train,Dangerous,\Combined\000192_2.jpg
train,Not_Dangerous,\Combined\000630_2.jpg
train,Not_Dangerous,\Combined\005358_2.jpg
train,Dangerous,\Combined\000579_2.jpg
train,Dangerous,\Combined\006738_2.jpg
train,Not_Dangerous,\Combined\006762_2.jpg
train,Dangerous,\Combined\000204_2.jpg
test,Not_Dangerous,\Combined\004022_2.jpg
train,Not_Dangerous,\Combined\006033_2.jpg
train,Not_Dangerous,\Combined\000396_2.jpg
train,Not_Dangerous,\Combined\006047_2.jpg
train,Not_Dangerous,\Combined\004020_2.jpg
train,Not_Dangerous,\Combined\007307_2.jpg
train,Dangerous,\Combined\006108_2.jpg
train,Not_Dangerous,\Combined\004397_2.jpg
train,Not_Dangerous,\Combined\000104_2.jpg
train,Dangerous,\Combined\006653_2.jpg
test,Dangerous,\Combined\004451_2.jpg
train,Not_Dangerous,\Combined\000107_2.jpg
train,Not_Dangerous,\Combined\006021_2.jpg
train,Not_Dangerous,\Combined\004396_2.jpg
test,Dangerous,\Combined\004443_2.jpg
train,Not_Dangerous,\Combined\000219_2.jpg
test,Not_Dangerous,\Combined\000129_2.jpg
train,Not_Dangerous,\Combined\003998_2.jpg
train,Not_Dangerous,\Combined\006794_2.jpg
test,Not_Dangerous,\Combined\000266_2.jpg
test,Dangerous,\Combined\007311_2.jpg
train,Not_Dangerous,\Combined\000268_2.jpg
train,Dangerous,\Combined\005372_2.jpg
train,Not_Dangerous,\Combined\000553_2.jpg
train,Not_Dangerous,\Combined\000366_2.jpg
train,Not_Dangerous,\Combined\003978_2.jpg
train,Not_Dangerous,\Combined\004036_2.jpg
test,Not_Dangerous,\Combined\000383_2.jpg
train,Not_Dangerous,\Combined\000367_2.jpg
train,Not_Dangerous,\Combined\006037_2.jpg
train,Not_Dangerous,\Combined\000528_2.jpg
test,Not_Dangerous,\Combined\005120_2.jpg
train,Not_Dangerous,\Combined\006026_2.jpg
train,Not_Dangerous,\Combined\000078_2.jpg
train,Not_Dangerous,\Combined\008002_2.jpg
test,Not_Dangerous,\Combined\000450_2.jpg
train,Not_Dangerous,\Combined\004004_2.jpg
train,Not_Dangerous,\Combined\006770_2.jpg
train,Dangerous,\Combined\004454_2.jpg
train,Not_Dangerous,\Combined\007988_2.jpg
train,Not_Dangerous,\Combined\000861_2.jpg
train,Not_Dangerous,\Combined\000830_2.jpg
train,Not_Dangerous,\Combined\005108_2.jpg
train,Not_Dangerous,\Combined\000311_2.jpg
train,Not_Dangerous,\Combined\003962_2.jpg
test,Not_Dangerous,\Combined\005113_2.jpg
train,Not_Dangerous,\Combined\006035_2.jpg
test,Dangerous,\Combined\007210_2.jpg
train,Not_Dangerous,\Combined\004225_2.jpg
train,Not_Dangerous,\Combined\000349_2.jpg
train,Not_Dangerous,\Combined\006789_2.jpg
train,Not_Dangerous,\Combined\007287_2.jpg
train,Not_Dangerous,\Combined\004040_2.jpg
train,Not_Dangerous,\Combined\007306_2.jpg
train,Not_Dangerous,\Combined\000162_2.jpg
test,Dangerous,\Combined\007278_2.jpg
train,Not_Dangerous,\Combined\000060_2.jpg
train,Not_Dangerous,\Combined\004227_2.jpg
train,Not_Dangerous,\Combined\000526_2.jpg
train,Not_Dangerous,\Combined\000438_2.jpg
train,Not_Dangerous,\Combined\007989_2.jpg
train,Not_Dangerous,\Combined\000123_2.jpg
train,Dangerous,\Combined\008001_2.jpg
train,Not_Dangerous,\Combined\003877_2.jpg
train,Not_Dangerous,\Combined\000380_2.jpg
train,Not_Dangerous,\Combined\004047_2.jpg
train,Not_Dangerous,\Combined\005341_2.jpg
train,Not_Dangerous,\Combined\000754_2.jpg
train,Not_Dangerous,\Combined\006085_2.jpg
train,Dangerous,\Combined\004436_2.jpg
train,Not_Dangerous,\Combined\000316_2.jpg
train,Not_Dangerous,\Combined\000097_2.jpg
train,Not_Dangerous,\Combined\000541_2.jpg
train,Dangerous,\Combined\007985_2.jpg
train,Not_Dangerous,\Combined\000521_2.jpg
train,Dangerous,\Combined\006824_2.jpg
train,Dangerous,\Combined\004445_2.jpg
train,Not_Dangerous,\Combined\000062_2.jpg
test,Not_Dangerous,\Combined\000634_2.jpg
test,Not_Dangerous,\Combined\000828_2.jpg
train,Not_Dangerous,\Combined\006720_2.jpg
train,Not_Dangerous,\Combined\000130_2.jpg
test,Not_Dangerous,\Combined\004229_2.jpg
train,Not_Dangerous,\Combined\000533_2.jpg
train,Not_Dangerous,\Combined\007321_2.jpg
train,Not_Dangerous,\Combined\006721_2.jpg
train,Not_Dangerous,\Combined\000132_2.jpg
test,Dangerous,\Combined\006737_2.jpg
test,Not_Dangerous,\Combined\000413_2.jpg
train,Not_Dangerous,\Combined\006066_2.jpg
test,Dangerous,\Combined\007986_2.jpg
train,Not_Dangerous,\Combined\005371_2.jpg
train,Dangerous,\Combined\007251_2.jpg
train,Not_Dangerous,\Combined\004023_2.jpg
train,Not_Dangerous,\Combined\000507_2.jpg
train,Not_Dangerous,\Combined\005351_2.jpg
train,Not_Dangerous,\Combined\004005_2.jpg
test,Not_Dangerous,\Combined\006067_2.jpg
train,Dangerous,\Combined\003854_2.jpg
train,Not_Dangerous,\Combined\007327_2.jpg
train,Not_Dangerous,\Combined\006049_2.jpg
train,Not_Dangerous,\Combined\005576_2.jpg
train,Not_Dangerous,\Combined\000402_2.jpg
train,Not_Dangerous,\Combined\007991_2.jpg
train,Not_Dangerous,\Combined\004054_2.jpg
train,Not_Dangerous,\Combined\000157_2.jpg
train,Not_Dangerous,\Combined\000831_2.jpg
train,Not_Dangerous,\Combined\000441_2.jpg
train,Not_Dangerous,\Combined\006702_2.jpg
train,Dangerous,\Combined\003853_2.jpg
test,Not_Dangerous,\Combined\007957_2.jpg
train,Dangerous,\Combined\004457_2.jpg
train,Not_Dangerous,\Combined\000503_2.jpg
train,Dangerous,\Combined\004142_2.jpg
train,Not_Dangerous,\Combined\000843_2.jpg
train,Not_Dangerous,\Combined\004223_2.jpg
train,Not_Dangerous,\Combined\000532_2.jpg
train,Not_Dangerous,\Combined\000095_2.jpg
train,Dangerous,\Combined\000199_2.jpg
train,Not_Dangerous,\Combined\000829_2.jpg
train,Dangerous,\Combined\000837_2.jpg
train,Not_Dangerous,\Combined\000077_2.jpg
train,Not_Dangerous,\Combined\007965_2.jpg
test,Not_Dangerous,\Combined\000121_2.jpg
test,Not_Dangerous,\Combined\000105_2.jpg
train,Dangerous,\Combined\000372_2.jpg
train,Dangerous,\Combined\007941_2.jpg
train,Not_Dangerous,\Combined\006704_2.jpg
train,Not_Dangerous,\Combined\005347_2.jpg
train,Not_Dangerous,\Combined\003852_2.jpg
train,Not_Dangerous,\Combined\006038_2.jpg
test,Dangerous,\Combined\000193_2.jpg
train,Not_Dangerous,\Combined\006779_2.jpg
train,Not_Dangerous,\Combined\007309_2.jpg
train,Not_Dangerous,\Combined\004228_2.jpg
test,Not_Dangerous,\Combined\003960_2.jpg
train,Not_Dangerous,\Combined\000434_2.jpg
train,Not_Dangerous,\Combined\000174_2.jpg
train,Dangerous,\Combined\006778_2.jpg
train,Not_Dangerous,\Combined\004136_2.jpg
test,Not_Dangerous,\Combined\000515_2.jpg
train,Dangerous,\Combined\007962_2.jpg
train,Not_Dangerous,\Combined\000594_2.jpg
train,Not_Dangerous,\Combined\006055_2.jpg
train,Not_Dangerous,\Combined\006030_2.jpg
train,Not_Dangerous,\Combined\007318_2.jpg
train,Not_Dangerous,\Combined\000534_2.jpg
test,Not_Dangerous,\Combined\006081_2.jpg
train,Not_Dangerous,\Combined\000210_2.jpg
train,Not_Dangerous,\Combined\006141_2.jpg
train,Not_Dangerous,\Combined\000834_2.jpg
train,Dangerous,\Combined\006668_2.jpg
train,Not_Dangerous,\Combined\004134_2.jpg
train,Not_Dangerous,\Combined\000442_2.jpg
test,Not_Dangerous,\Combined\000436_2.jpg
